{"train": [{"input": [[0, 0, 0, 0], [0, 5, 0, 0]], "output": [[8, 0, 8, 0, 8, 0, 8, 0], [0, 5, 0, 0, 0, 5, 0, 0], [8, 0, 8, 0, 8, 0, 8, 0], [0, 5, 0, 0, 0, 5, 0, 0]]}, {"input": [[0, 0, 6, 0], [0, 0, 0, 0], [0, 6, 0, 0]], "output": [[0, 0, 6, 0, 0, 0, 6, 0], [8, 8, 8, 8, 8, 8, 8, 8], [0, 6, 0, 8, 0, 6, 0, 8], [8, 0, 6, 0, 8, 0, 6, 0], [8, 8, 8, 8, 8, 8, 8, 0], [0, 6, 0, 0, 0, 6, 0, 0]]}, {"input": [[0, 0, 0], [0, 4, 0], [0, 0, 0], [0, 0, 0], [4, 0, 0]], "output": [[8, 0, 8, 8, 0, 8], [0, 4, 0, 0, 4, 0], [8, 0, 8, 8, 0, 8], [0, 8, 8, 0, 8, 0], [4, 0, 0, 4, 0, 0], [8, 8, 8, 8, 8, 8], [0, 4, 0, 0, 4, 0], [8, 0, 8, 8, 0, 8], [0, 8, 8, 0, 8, 0], [4, 0, 0, 4, 0, 0]]}, {"input": [[0, 0, 0, 0], [0, 2, 0, 0], [0, 0, 0, 0], [0, 0, 0, 0]], "output": [[8, 0, 8, 0, 8, 0, 8, 0], [0, 2, 0, 0, 0, 2, 0, 0], [8, 0, 8, 0, 8, 0, 8, 0], [0, 0, 0, 0, 0, 0, 0, 0], [8, 0, 8, 0, 8, 0, 8, 0], [0, 2, 0, 0, 0, 2, 0, 0], [8, 0, 8, 0, 8, 0, 8, 0], [0, 0, 0, 0, 0, 0, 0, 0]]}], "test": [{"input": [[0, 3, 0, 0, 0], [0, 0, 0, 0, 0], [0, 0, 0, 0, 0], [0, 0, 0, 3, 0], [0, 0, 0, 0, 0], [0, 3, 0, 0, 0]], "output": [[0, 3, 0, 0, 0, 0, 3, 0, 0, 0], [8, 0, 8, 0, 0, 8, 0, 8, 0, 0], [0, 0, 8, 0, 8, 0, 0, 8, 0, 8], [0, 0, 0, 3, 0, 0, 0, 0, 3, 0], [8, 0, 8, 0, 8, 8, 0, 8, 0, 8], [8, 3, 8, 0, 0, 8, 3, 8, 0, 0], [8, 3, 8, 0, 0, 8, 3, 8, 0, 0], [8, 0, 8, 0, 0, 8, 0, 8, 0, 0], [0, 0, 8, 0, 8, 0, 0, 8, 0, 8], [0, 0, 0, 3, 0, 0, 0, 0, 3, 0], [8, 0, 8, 0, 8, 8, 0, 8, 0, 8], [0, 3, 0, 0, 0, 0, 3, 0, 0, 0]]}]}